[{
        "inputs": [{
                "internalType": "address",
                "name": "_tokenAddress",
                "type": "address"
            },
            {
                "internalType": "address",
                "name": "_nftContractAddress",
                "type": "address"
            },
            {
                "internalType": "uint256",
                "name": "_rewardRate",
                "type": "uint256"
            },
            {
                "internalType": "uint256",
                "name": "_rewardInterval",
                "type": "uint256"
            },
            {
                "internalType": "uint256",
                "name": "_stakingFeeRate",
                "type": "uint256"
            },
            {
                "internalType": "uint256",
                "name": "_unstakingFeeRate",
                "type": "uint256"
            },
            {
                "internalType": "uint256",
                "name": "_cliffTime",
                "type": "uint256"
            },
            {
                "internalType": "uint256",
                "name": "_tokenAmount",
                "type": "uint256"
            }
        ],
        "stateMutability": "nonpayable",
        "type": "constructor"
    },
    {
        "anonymous": false,
        "inputs": [{
                "indexed": true,
                "internalType": "address",
                "name": "previousOwner",
                "type": "address"
            },
            {
                "indexed": true,
                "internalType": "address",
                "name": "newOwner",
                "type": "address"
            }
        ],
        "name": "OwnershipTransferred",
        "type": "event"
    },
    {
        "anonymous": false,
        "inputs": [{
                "indexed": false,
                "internalType": "address",
                "name": "holder",
                "type": "address"
            },
            {
                "indexed": false,
                "internalType": "uint256",
                "name": "amount",
                "type": "uint256"
            }
        ],
        "name": "RewardsTransferred",
        "type": "event"
    },
    {
        "inputs": [],
        "name": "CliffTime",
        "outputs": [{
            "internalType": "uint256",
            "name": "",
            "type": "uint256"
        }],
        "stateMutability": "view",
        "type": "function"
    },
    {
        "inputs": [],
        "name": "NFTTokenAddress",
        "outputs": [{
            "internalType": "contract NFT",
            "name": "",
            "type": "address"
        }],
        "stateMutability": "view",
        "type": "function"
    },
    {
        "inputs": [],
        "name": "RewardInterval",
        "outputs": [{
            "internalType": "uint256",
            "name": "",
            "type": "uint256"
        }],
        "stateMutability": "view",
        "type": "function"
    },
    {
        "inputs": [],
        "name": "StakingFeeRate",
        "outputs": [{
            "internalType": "uint256",
            "name": "",
            "type": "uint256"
        }],
        "stateMutability": "view",
        "type": "function"
    },
    {
        "inputs": [],
        "name": "TokenAddress",
        "outputs": [{
            "internalType": "address",
            "name": "",
            "type": "address"
        }],
        "stateMutability": "view",
        "type": "function"
    },
    {
        "inputs": [],
        "name": "TokenAmount",
        "outputs": [{
            "internalType": "uint256",
            "name": "",
            "type": "uint256"
        }],
        "stateMutability": "view",
        "type": "function"
    },
    {
        "inputs": [],
        "name": "UnstakingFeeRate",
        "outputs": [{
            "internalType": "uint256",
            "name": "",
            "type": "uint256"
        }],
        "stateMutability": "view",
        "type": "function"
    },
    {
        "inputs": [{
            "internalType": "uint256",
            "name": "_tokenId",
            "type": "uint256"
        }],
        "name": "burnNFTOfContract",
        "outputs": [],
        "stateMutability": "nonpayable",
        "type": "function"
    },
    {
        "inputs": [{
            "internalType": "uint256",
            "name": "_rewardRate",
            "type": "uint256"
        }],
        "name": "changeRewardRate",
        "outputs": [],
        "stateMutability": "nonpayable",
        "type": "function"
    },
    {
        "inputs": [{
            "internalType": "uint256",
            "name": "_rate",
            "type": "uint256"
        }],
        "name": "changeStakingFeeRate",
        "outputs": [],
        "stateMutability": "nonpayable",
        "type": "function"
    },
    {
        "inputs": [{
            "internalType": "uint256",
            "name": "_tokenAmount",
            "type": "uint256"
        }],
        "name": "changeTokenAmount",
        "outputs": [],
        "stateMutability": "nonpayable",
        "type": "function"
    },
    {
        "inputs": [{
            "internalType": "uint256",
            "name": "_rate",
            "type": "uint256"
        }],
        "name": "changeUnstakingFeeRate",
        "outputs": [],
        "stateMutability": "nonpayable",
        "type": "function"
    },
    {
        "inputs": [],
        "name": "claimDivs",
        "outputs": [],
        "stateMutability": "nonpayable",
        "type": "function"
    },
    {
        "inputs": [{
            "internalType": "uint256",
            "name": "amountToStake",
            "type": "uint256"
        }],
        "name": "deposit",
        "outputs": [],
        "stateMutability": "nonpayable",
        "type": "function"
    },
    {
        "inputs": [{
            "internalType": "address",
            "name": "",
            "type": "address"
        }],
        "name": "depositedTokens",
        "outputs": [{
            "internalType": "uint256",
            "name": "",
            "type": "uint256"
        }],
        "stateMutability": "view",
        "type": "function"
    },
    {
        "inputs": [],
        "name": "depositedTokensOfUser",
        "outputs": [{
            "internalType": "uint256",
            "name": "",
            "type": "uint256"
        }],
        "stateMutability": "view",
        "type": "function"
    },
    {
        "inputs": [],
        "name": "getNumberOfHolders",
        "outputs": [{
            "internalType": "uint256",
            "name": "",
            "type": "uint256"
        }],
        "stateMutability": "view",
        "type": "function"
    },
    {
        "inputs": [{
            "internalType": "address",
            "name": "_holder",
            "type": "address"
        }],
        "name": "getPendingDivs",
        "outputs": [{
            "internalType": "uint256",
            "name": "",
            "type": "uint256"
        }],
        "stateMutability": "view",
        "type": "function"
    },
    {
        "inputs": [{
                "internalType": "uint256",
                "name": "startIndex",
                "type": "uint256"
            },
            {
                "internalType": "uint256",
                "name": "endIndex",
                "type": "uint256"
            }
        ],
        "name": "getStakersList",
        "outputs": [{
                "internalType": "address[]",
                "name": "stakers",
                "type": "address[]"
            },
            {
                "internalType": "uint256[]",
                "name": "stakingTimestamps",
                "type": "uint256[]"
            },
            {
                "internalType": "uint256[]",
                "name": "lastClaimedTimeStamps",
                "type": "uint256[]"
            },
            {
                "internalType": "uint256[]",
                "name": "stakedTokens",
                "type": "uint256[]"
            }
        ],
        "stateMutability": "view",
        "type": "function"
    },
    {
        "inputs": [],
        "name": "getStakingAndDaoAmount",
        "outputs": [{
            "internalType": "uint256",
            "name": "",
            "type": "uint256"
        }],
        "stateMutability": "view",
        "type": "function"
    },
    {
        "inputs": [{
            "internalType": "uint256",
            "name": "",
            "type": "uint256"
        }],
        "name": "holders",
        "outputs": [{
            "internalType": "address",
            "name": "",
            "type": "address"
        }],
        "stateMutability": "view",
        "type": "function"
    },
    {
        "inputs": [{
            "internalType": "address",
            "name": "",
            "type": "address"
        }],
        "name": "lastClaimedTime",
        "outputs": [{
            "internalType": "uint256",
            "name": "",
            "type": "uint256"
        }],
        "stateMutability": "view",
        "type": "function"
    },
    {
        "inputs": [{
            "internalType": "uint256",
            "name": "amountToStake",
            "type": "uint256"
        }],
        "name": "mintNFTToken",
        "outputs": [],
        "stateMutability": "nonpayable",
        "type": "function"
    },
    {
        "inputs": [{
                "internalType": "address",
                "name": "",
                "type": "address"
            },
            {
                "internalType": "address",
                "name": "",
                "type": "address"
            },
            {
                "internalType": "uint256",
                "name": "",
                "type": "uint256"
            },
            {
                "internalType": "bytes",
                "name": "",
                "type": "bytes"
            }
        ],
        "name": "onERC721Received",
        "outputs": [{
            "internalType": "bytes4",
            "name": "",
            "type": "bytes4"
        }],
        "stateMutability": "nonpayable",
        "type": "function"
    },
    {
        "inputs": [],
        "name": "onlyHolder",
        "outputs": [{
            "internalType": "bool",
            "name": "",
            "type": "bool"
        }],
        "stateMutability": "view",
        "type": "function"
    },
    {
        "inputs": [],
        "name": "owner",
        "outputs": [{
            "internalType": "address",
            "name": "",
            "type": "address"
        }],
        "stateMutability": "view",
        "type": "function"
    },
    {
        "inputs": [],
        "name": "returnsewardRate",
        "outputs": [{
            "internalType": "uint256",
            "name": "",
            "type": "uint256"
        }],
        "stateMutability": "view",
        "type": "function"
    },
    {
        "inputs": [{
            "internalType": "address",
            "name": "",
            "type": "address"
        }],
        "name": "stakingTime",
        "outputs": [{
            "internalType": "uint256",
            "name": "",
            "type": "uint256"
        }],
        "stateMutability": "view",
        "type": "function"
    },
    {
        "inputs": [],
        "name": "totalClaimedRewards",
        "outputs": [{
            "internalType": "uint256",
            "name": "",
            "type": "uint256"
        }],
        "stateMutability": "view",
        "type": "function"
    },
    {
        "inputs": [{
            "internalType": "address",
            "name": "",
            "type": "address"
        }],
        "name": "totalEarnedTokens",
        "outputs": [{
            "internalType": "uint256",
            "name": "",
            "type": "uint256"
        }],
        "stateMutability": "view",
        "type": "function"
    },
    {
        "inputs": [{
            "internalType": "address",
            "name": "",
            "type": "address"
        }],
        "name": "totalNFTTokens",
        "outputs": [{
            "internalType": "uint256",
            "name": "",
            "type": "uint256"
        }],
        "stateMutability": "view",
        "type": "function"
    },
    {
        "inputs": [],
        "name": "totalNFTTokensOfUser",
        "outputs": [{
            "internalType": "uint256",
            "name": "",
            "type": "uint256"
        }],
        "stateMutability": "view",
        "type": "function"
    },
    {
        "inputs": [],
        "name": "totalStakedToken",
        "outputs": [{
            "internalType": "uint256",
            "name": "",
            "type": "uint256"
        }],
        "stateMutability": "view",
        "type": "function"
    },
    {
        "inputs": [{
                "internalType": "address",
                "name": "_tokenAddr",
                "type": "address"
            },
            {
                "internalType": "address",
                "name": "_to",
                "type": "address"
            },
            {
                "internalType": "uint256",
                "name": "_amount",
                "type": "uint256"
            }
        ],
        "name": "transferAnyERC20Tokens",
        "outputs": [],
        "stateMutability": "nonpayable",
        "type": "function"
    },
    {
        "inputs": [{
            "internalType": "address",
            "name": "newOwner",
            "type": "address"
        }],
        "name": "transferOwnership",
        "outputs": [],
        "stateMutability": "nonpayable",
        "type": "function"
    },
    {
        "inputs": [{
            "internalType": "uint256",
            "name": "amountToWithdraw",
            "type": "uint256"
        }],
        "name": "withdraw",
        "outputs": [],
        "stateMutability": "nonpayable",
        "type": "function"
    },
    {
        "inputs": [{
            "internalType": "uint256",
            "name": "_tokenId",
            "type": "uint256"
        }],
        "name": "withdrawWithNFT",
        "outputs": [],
        "stateMutability": "nonpayable",
        "type": "function"
    }
]